{"cameraMode":{"drawMode":0,"name":"Shaded","section":"Shading Mode"},"sceneLighting":true,"audioPlay":false,"sceneViewState":{"m_AlwaysRefresh":false,"showFog":true,"showSkybox":true,"showFlares":true,"showImageEffects":true,"showParticleSystems":true,"showVisualEffectGraphs":true,"m_FxEnabled":true},"in2DMode":false,"pivot":{"x":-7.847421169281006,"y":-27.58975601196289,"z":62.457706451416019},"rotation":{"x":0.20688249170780183,"y":-0.06276936084032059,"z":0.013245075941085816,"w":0.9763057827949524},"size":42.31331253051758,"orthographic":false}