{"cameraMode":{"drawMode":0,"name":"Shaded","section":"Shading Mode"},"sceneLighting":false,"audioPlay":false,"sceneViewState":{"m_AlwaysRefresh":false,"showFog":true,"showSkybox":false,"showFlares":true,"showImageEffects":true,"showParticleSystems":true,"showVisualEffectGraphs":true,"m_FxEnabled":true},"in2DMode":false,"pivot":{"x":1.4901161193847657e-8,"y":1.8499999046325684,"z":-0.21945004165172578},"rotation":{"x":0.02356783300638199,"y":0.9749462604522705,"z":-0.18126486241817475,"w":0.12676216661930085},"size":0.42602038383483889,"orthographic":false}